round	order	base_s	hh4_s	paired_x	oracle_round
1	B_then_A	208.388867	99.135765	2.102055	OK
2	A_then_B	208.922022	96.271399	2.170136	SKIP
3	B_then_A	208.758946	95.283194	2.190931	SKIP
4	B_then_A	209.763874	101.214386	2.072471	SKIP
5	A_then_B	213.698934	96.192513	2.221576	SKIP
6	A_then_B	233.635624	98.736308	2.366258	SKIP
7	A_then_B	218.406231	103.546745	2.109253	SKIP
8	A_then_B	210.466068	97.257220	2.164015	SKIP
9	A_then_B	213.247381	97.689673	2.182906	SKIP
10	A_then_B	219.648411	97.486948	2.253106	SKIP
11	A_then_B	206.860643	97.072903	2.130982	SKIP
12	A_then_B	216.176547	98.088372	2.203896	SKIP
13	B_then_A	209.157923	94.954784	2.202711	SKIP
14	B_then_A	209.257851	96.867628	2.160245	SKIP
15	B_then_A	208.741596	97.913552	2.131897	SKIP
16	B_then_A	210.169906	96.324699	2.181890	SKIP
17	A_then_B	211.135097	95.118414	2.219708	SKIP
18	A_then_B	216.190893	96.264045	2.245811	SKIP
19	A_then_B	207.006346	97.262623	2.128324	SKIP
20	A_then_B	211.058836	96.427613	2.188780	SKIP
21	B_then_A	210.845767	95.393530	2.210273	SKIP
22	A_then_B	212.482892	97.683468	2.175219	SKIP
23	A_then_B	209.525133	96.813444	2.164215	SKIP
24	A_then_B	207.701555	96.593344	2.150268	SKIP
25	A_then_B	209.794819	95.682525	2.192614	SKIP
26	B_then_A	206.750377	97.608830	2.118152	SKIP
27	A_then_B	209.754650	96.588117	2.171640	SKIP
28	A_then_B	213.357362	97.518606	2.187863	SKIP
29	A_then_B	208.473892	95.436172	2.184433	SKIP
30	B_then_A	211.369051	95.497109	2.213355	SKIP
